CFU/mL,Sensor2,Sensor1,Sensor3
49200000.0,99.88,-84.64,61.648
4920000.0,78.77,-255.56,54.62
492000.0,66.63,-298.65,35.35
49200.0,13.0,-277.04,-4.65
4920.0,8.0,-261.07,-20.61
490.0,3.0,-252.281,-22.08
180.0,5.0,-255.28,-26.12
40.0,6.0,-161.09,-28.53
1.0,35.203,-137.72,-34.81
1.0,45.31,-131.26,-69.0
